Venue,Date,Time,Race Name,Draw,Form,Last Form,Horse,Jockey,Trainer,Date Last Run,Age,Weight,Beaten Favourite,Course Winner,Distance Winner,Course & Distance Winner,OR,RDB Rating,Race Distance,Runner Count,Class,Going,RPR,Class Change,Weight Diff,WFF Rank,RDB Rank,Handi/Non Handi,Flat/Jump,Surface Type,Top Speed
Sligo,20230709,14:00,Killyhevlin Lakeside Hotel & Lodges Maiden Hurdle,-,6,6,Rene Artois,A P Kelly,J Nash,1,4,10.13,Y,N,N,N,-,55,2m 194y,11,-, Good,0,0,6,1,4,N,Jump,Turf,-
Sligo,20230709,14:00,Killyhevlin Lakeside Hotel & Lodges Maiden Hurdle,-,5-332,2,Dark Note,C M Quirke,A Slattery,18,4,11.7,N,N,N,N,113,218,2m 194y,11,-, Good,122,0,4,2,1,N,Jump,Turf,109
Sligo,20230709,14:00,Killyhevlin Lakeside Hotel & Lodges Maiden Hurdle,-,5,5,Shajak,J W Kennedy,G Elliott,56,4,11.7,N,N,N,N,-,85,2m 194y,11,-, Good,125,0,0,3,2,N,Jump,Turf,101
Sligo,20230709,14:00,Killyhevlin Lakeside Hotel & Lodges Maiden Hurdle,-,77,7,Blenheim Belle,P T Enright,M M McNiff,27,4,10.6,N,N,N,N,-,38,2m 194y,11,-, Good,106,0,-4,4,6,N,Jump,Turf,67
Sligo,20230709,14:00,Killyhevlin Lakeside Hotel & Lodges Maiden Hurdle,-,079-P0,0,Chequer Square,J G Gilligan,P J Gilligan,40,4,10.13,N,N,N,N,91,25,2m 194y,11,-, Good,108,0,13,5,7,N,Jump,Turf,61
Sligo,20230709,14:00,Killyhevlin Lakeside Hotel & Lodges Maiden Hurdle,-,49-80,0,Ceis Charraigin,D E Mullins,Ms M Mullins,29,4,10.6,N,N,N,N,-,25,2m 194y,11,-, Good,79,0,-6,6,11,N,Jump,Turf,36
Sligo,20230709,14:00,Killyhevlin Lakeside Hotel & Lodges Maiden Hurdle,-,6,6,Cramers Valley,J P O'Sullivan,P J Rothwell,27,4,10.13,N,N,N,N,-,65,2m 194y,11,-, Good,0,0,1,7,3,N,Jump,Turf,-
Sligo,20230709,14:00,Killyhevlin Lakeside Hotel & Lodges Maiden Hurdle,-,8-8,8,Mount Frisco,P K Donovan,J P Ryan,27,4,10.13,N,N,N,N,-,38,2m 194y,11,-, Good,0,0,1,8,5,N,Jump,Turf,-
Sligo,20230709,14:00,Killyhevlin Lakeside Hotel & Lodges Maiden Hurdle,-,9-,-,Say It So,C P McNamara,E McNamara,86,4,10.13,N,N,N,N,-,25,2m 194y,11,-, Good,109,0,8,9,9,N,Jump,Turf,-
Sligo,20230709,14:00,Killyhevlin Lakeside Hotel & Lodges Maiden Hurdle,-,-,-,Keeptellinemnuttin,A P Heskin,M Mulvany,-,4,10.13,N,N,N,N,-,25,2m 194y,11,-, Good,0,0,0,10,8,N,Jump,Turf,-
Sligo,20230709,14:00,Killyhevlin Lakeside Hotel & Lodges Maiden Hurdle,-,-,-,Suile Ban,D Meyler,D Hogan,-,4,10.13,N,N,N,N,-,25,2m 194y,11,-, Good,0,0,0,11,10,N,Jump,Turf,-
Chelmsford,20230709,14:10,Racegoers Club Novice Stakes (GBB Race) (Class 4),7,84,4,Blenheim Prince,Morgan Cole,M Botti,16,3,9.4,N,N,N,N,-,117,1m 2f,11,4, Standard,83,1,0,1,5,N,Flat,Polytrack,-
Chelmsford,20230709,14:10,Racegoers Club Novice Stakes (GBB Race) (Class 4),6,1-,-,Real Gain,Finley Marsh,R Hughes,242,3,9.11,N,N,N,N,-,146,1m 2f,11,4, Standard,87,0,4,2,4,N,Flat,Polytrack,55
Chelmsford,20230709,14:10,Racegoers Club Novice Stakes (GBB Race) (Class 4),1,35-2323,3,Al Alaali,J Mitchell,S & E Crisford,30,3,9.4,N,N,N,N,78,196,1m 2f,11,4, Standard,90,0,-3,3,1,N,Flat,Polytrack,68
Chelmsford,20230709,14:10,Racegoers Club Novice Stakes (GBB Race) (Class 4),4,05,5,Tujjaar,Jim Crowley,R Hannon,16,3,9.4,N,N,N,N,-,103,1m 2f,11,4, Standard,79,0,0,4,6,N,Flat,Polytrack,-
Chelmsford,20230709,14:10,Racegoers Club Novice Stakes (GBB Race) (Class 4),9,2,2,Insanity,W Buick,A King,27,3,9.4,N,N,N,N,-,151,1m 2f,11,4, Standard,92,1,1,5,2,N,Flat,Polytrack,-
Chelmsford,20230709,14:10,Racegoers Club Novice Stakes (GBB Race) (Class 4),5,3-,-,Lady Boba,Rossa Ryan,R M Beckett,260,3,8.13,N,N,N,N,-,69,1m 2f,11,4, Standard,90,0,-1,6,7,N,Flat,Polytrack,-
Chelmsford,20230709,14:10,Racegoers Club Novice Stakes (GBB Race) (Class 4),2,1-7,7,Intinso,Hollie Doyle,J & T Gosden,81,3,9.11,N,N,N,N,87,146,1m 2f,11,4, Standard,88,-3,9,7,3,N,Flat,Polytrack,19
Chelmsford,20230709,14:10,Racegoers Club Novice Stakes (GBB Race) (Class 4),11,9,9,Miss Bling Bling,A J Farragher,P J McBride,8,3,8.13,N,N,N,N,-,41,1m 2f,11,4, Standard,0,-2,0,8,10,N,Flat,Polytrack,-
Chelmsford,20230709,14:10,Racegoers Club Novice Stakes (GBB Race) (Class 4),10,-,-,Fictional,George Rooke,R Hughes,-,3,9.4,N,N,N,N,-,46,1m 2f,11,4, Standard,0,0,0,9,8,N,Flat,Polytrack,-
Chelmsford,20230709,14:10,Racegoers Club Novice Stakes (GBB Race) (Class 4),8,-,-,Larkhill,K Shoemark,W Jarvis,-,3,9.4,N,N,N,N,-,46,1m 2f,11,4, Standard,0,0,0,10,9,N,Flat,Polytrack,-
Chelmsford,20230709,14:10,Racegoers Club Novice Stakes (GBB Race) (Class 4),3,-,-,Nutbush City,Jason Hart,R Spencer,-,3,8.13,N,N,N,N,-,14,1m 2f,11,4, Standard,0,0,0,11,11,N,Flat,Polytrack,-
Market,20230709,14:20,Tom Halliday Memorial Conditional Jockeys' Handicap Hurdle (Class 5),-,1234-3P,P,Times Are Blue,Ben Bromley,O Sherwood,23,5,11.1,N,N,N,N,94,178,2m 4f 139y,11,5, Good,101,0,-2,1,5,Y,Jump,Turf,32
Market,20230709,14:20,Tom Halliday Memorial Conditional Jockeys' Handicap Hurdle (Class 5),-,P/664-DP,P,Harry The Norseman,B Roberts,C E Longsdon,24,7,10.2,Y,N,N,N,69,120,2m 4f 139y,11,5, Good,100,0,1,2,8,Y,Jump,Turf,-
Market,20230709,14:20,Tom Halliday Memorial Conditional Jockeys' Handicap Hurdle (Class 5),-,2/0538-3,3,Nastasiya,Aaron Anderson,R Menzies,22,5,10.11,N,N,N,N,81,104,2m 4f 139y,11,5, Good,101,0,7,3,9,Y,Jump,Turf,89
Market,20230709,14:20,Tom Halliday Memorial Conditional Jockeys' Handicap Hurdle (Class 5),-,22P-432,2,Pileup,Tom Midgley,M Walford,16,6,12.0,Y,N,N,N,98,194,2m 4f 139y,11,5, Good,101,0,1,4,3,Y,Jump,Turf,58
Market,20230709,14:20,Tom Halliday Memorial Conditional Jockeys' Handicap Hurdle (Class 5),-,3735-23,3,Black Lightning,Tabitha Worsley,Georgie Howell,16,10,10.6,N,N,N,Y,76,239,2m 4f 139y,11,5, Good,99,0,5,5,1,Y,Jump,Turf,62
Market,20230709,14:20,Tom Halliday Memorial Conditional Jockeys' Handicap Hurdle (Class 5),-,048-522,2,Minella Youngy,Bruce Lynn,I Jardine,15,5,12.0,Y,N,N,N,98,233,2m 4f 139y,11,5, Good,102,0,4,6,2,Y,Jump,Turf,71
Market,20230709,14:20,Tom Halliday Memorial Conditional Jockeys' Handicap Hurdle (Class 5),-,P46-531,1,If Karl's Berg Did,Bradley Harris,M F Harris,35,8,10.11,N,N,N,N,81,184,2m 4f 139y,11,5, Good,103,0,0,7,4,Y,Jump,Turf,76
Market,20230709,14:20,Tom Halliday Memorial Conditional Jockeys' Handicap Hurdle (Class 5),-,P5-7264,4,Magna Moralia,Conor Rabbitt,M E Sowersby,16,6,11.2,N,N,N,N,86,157,2m 4f 139y,11,5, Good,100,0,7,8,7,Y,Jump,Turf,64
Market,20230709,14:20,Tom Halliday Memorial Conditional Jockeys' Handicap Hurdle (Class 5),-,7PPP-0P,P,L'Es Fremantle,Alison Clarke,M C Chapman,41,12,10.2,N,N,N,Y,62,70,2m 4f 139y,11,5, Good,0,0,4,9,11,Y,Jump,Turf,-
Market,20230709,14:20,Tom Halliday Memorial Conditional Jockeys' Handicap Hurdle (Class 5),-,344PP/5,5,Battle Of Actium,Lily Pinchin,M Young,16,8,11.13,N,N,N,N,97,158,2m 4f 139y,11,5, Good,99,0,2,10,6,Y,Jump,Turf,54
Market,20230709,14:20,Tom Halliday Memorial Conditional Jockeys' Handicap Hurdle (Class 5),-,674-56,6,Jean Pierre,Jack Hogan,N P Mulholland,33,5,10.2,N,N,N,N,69,99,2m 4f 139y,11,5, Good,97,-1,-14,11,10,Y,Jump,Turf,29
Ayr,20230709,14:30,Ayrshire Cancer Support Amateur Jockeys' Handicap (Class 5),7,08-7374,4,Ben Macdui,Mr Eireann Cagney,P T Midgley,9,5,10.9,N,N,Y,N,63,155,5f,8,5, Good To Soft,62,0,17,1,5,Y,Flat,Turf,44
Ayr,20230709,14:30,Ayrshire Cancer Support Amateur Jockeys' Handicap (Class 5),8,699-216,6,Showalong,Mr Thomas Easterby,T D Easterby,15,5,11.4,N,N,Y,N,72,226,5f,8,5, Good To Soft,64,-1,23,2,2,Y,Flat,Turf,53
Ayr,20230709,14:30,Ayrshire Cancer Support Amateur Jockeys' Handicap (Class 5),5,753233,3,Soul Seeker,Miss Serena Brotherton,D O'Meara,9,6,11.0,N,N,Y,N,68,212,5f,8,5, Good To Soft,63,0,15,3,3,Y,Flat,Turf,44
Ayr,20230709,14:30,Ayrshire Cancer Support Amateur Jockeys' Handicap (Class 5),1,847342,2,John Kirkup,Miss Becky Smith,D Thompson,1,8,10.5,N,Y,Y,Y,59,235,5f,8,5, Good To Soft,61,1,6,4,1,Y,Flat,Turf,47
Ayr,20230709,14:30,Ayrshire Cancer Support Amateur Jockeys' Handicap (Class 5),6,00-0000,0,Ever Rock,Miss A McGuinness,J J Lambe,2,7,10.7,N,N,Y,N,61,78,5f,8,5, Good To Soft,60,0,7,5,8,Y,Flat,Turf,32
Ayr,20230709,14:30,Ayrshire Cancer Support Amateur Jockeys' Handicap (Class 5),3,0-42867,7,Modular Magic,Miss Alice Keighley,T D Barron,30,6,11.2,N,N,Y,Y,70,116,5f,8,5, Good To Soft,60,0,19,6,7,Y,Flat,Turf,17
Ayr,20230709,14:30,Ayrshire Cancer Support Amateur Jockeys' Handicap (Class 5),4,3/3245,5,Woobay,Miss Pippa Brown,Phillip Makin,22,4,10.9,N,N,N,N,63,122,5f,8,5, Good To Soft,62,0,9,7,6,Y,Flat,Turf,38
Ayr,20230709,14:30,Ayrshire Cancer Support Amateur Jockeys' Handicap (Class 5),2,041162,2,One Last Hug,Miss Lucy Harper,J S Goldie,34,8,10.3,N,Y,N,Y,57,204,5f,8,5, Good To Soft,62,0,0,8,4,Y,Flat,Turf,53
Sligo,20230709,14:35,CT Electrical Maiden Hurdle,-,06/U,U,Rohans Successor,S D Torrens,Peter Fahey,26,6,11.12,N,N,N,N,-,101,2m 194y,16,-, Good,0,0,4,1,3,N,Jump,Turf,-
Sligo,20230709,14:35,CT Electrical Maiden Hurdle,-,007-PU,U,Zahina,D P Maxwell,J P Broderick,26,5,11.5,N,N,N,N,83,73,2m 194y,16,-, Good,93,0,5,2,6,N,Jump,Turf,-
Sligo,20230709,14:35,CT Electrical Maiden Hurdle,-,9957-45,5,Artemis Angel,S W Flanagan,Peter Fahey,26,6,11.5,Y,N,N,N,-,160,2m 194y,16,-, Good,112,0,5,3,2,N,Jump,Turf,96
Sligo,20230709,14:35,CT Electrical Maiden Hurdle,-,07-P,P,Righteous Ruane,J G Gilligan,P J Gilligan,35,5,11.12,N,N,N,N,-,60,2m 194y,16,-, Good,0,0,4,4,13,N,Jump,Turf,-
Sligo,20230709,14:35,CT Electrical Maiden Hurdle,-,54-4,4,Bukhill,E A Fitzgerald,Peter Fahey,29,5,11.12,N,N,N,N,-,160,2m 194y,16,-, Good,101,0,7,5,1,N,Jump,Turf,67
Sligo,20230709,14:35,CT Electrical Maiden Hurdle,-,7-07,7,Hees Dynamite,Reserve 1,E McNamara,40,5,11.12,N,N,N,N,-,60,2m 194y,16,-, Good,104,0,8,6,15,N,Jump,Turf,49
Sligo,20230709,14:35,CT Electrical Maiden Hurdle,-,56840-0,0,Knockwilliambridge,Shane Fenelon,J J Hanlon,20,8,11.12,N,N,N,N,-,72,2m 194y,16,-, Good,48,0,7,7,7,N,Jump,Turf,37
Sligo,20230709,14:35,CT Electrical Maiden Hurdle,-,FP767-7,7,The Mass Path,J J Slevin,C Byrnes,55,6,11.12,N,N,N,N,102,61,2m 194y,16,-, Good,101,0,11,8,9,N,Jump,Turf,89
Sligo,20230709,14:35,CT Electrical Maiden Hurdle,-,89-F0U7,7,Kalsman,Thomas Reilly,L Lennon,29,5,11.12,N,N,N,N,89,60,2m 194y,16,-, Good,91,0,7,9,11,N,Jump,Turf,54
Sligo,20230709,14:35,CT Electrical Maiden Hurdle,-,0760-F9,9,Mac's Xpress,S F O'Keeffe,Mrs J Harrington,47,5,11.12,N,N,N,N,100,60,2m 194y,16,-, Good,109,0,-1,10,12,N,Jump,Turf,61
Sligo,20230709,14:35,CT Electrical Maiden Hurdle,-,231-U88,8,Nevermindestranger,B W Harvey,D M Christie,21,6,11.12,N,N,N,N,-,80,2m 194y,16,-, Good,99,0,8,11,5,N,Jump,Turf,17
Sligo,20230709,14:35,CT Electrical Maiden Hurdle,-,4/7-7,7,Get It Right,P T Enright,S Aherne,68,5,11.12,N,N,N,N,-,60,2m 194y,16,-, Good,0,0,5,12,10,N,Jump,Turf,-
Sligo,20230709,14:35,CT Electrical Maiden Hurdle,-,65599-6,6,Watergrangedreamer,A McCurtin,E McCarthy,34,6,11.12,N,N,N,N,-,88,2m 194y,16,-, Good,0,0,12,13,4,N,Jump,Turf,-
Sligo,20230709,14:35,CT Electrical Maiden Hurdle,-,000-,-,Split The Pound,D E Mullins,J P Ryan,282,5,11.12,N,N,N,N,-,60,2m 194y,16,-, Good,62,0,12,14,14,N,Jump,Turf,31
Sligo,20230709,14:35,CT Electrical Maiden Hurdle,-,00P08P-,-,Ozark Thunder,H Morgan,T Cleary,118,6,11.12,N,N,N,N,85,61,2m 194y,16,-, Good,77,0,3,15,8,N,Jump,Turf,34
Sligo,20230709,14:35,CT Electrical Maiden Hurdle,-,F/007-,-,Glenabbey,S Fitzgerald,J Neilan,105,7,11.12,N,N,N,N,87,54,2m 194y,16,-, Good,87,0,0,16,16,N,Jump,Turf,-
Chelmsford,20230709,14:45,Ace Resin Handicap (Class 6),4,987-141,1,Eastern Charm,Tom Marquand,W J Haggas,24,3,9.11,N,N,Y,N,62,260,1m,10,6, Standard,73,0,10,1,1,Y,Flat,Polytrack,6
Chelmsford,20230709,14:45,Ace Resin Handicap (Class 6),10,8-68324,4,No News,Harry Davies,J R Jenkins,17,3,9.5,N,N,N,N,56,212,1m,10,6, Standard,70,0,-1,2,2,Y,Flat,Polytrack,56
Chelmsford,20230709,14:45,Ace Resin Handicap (Class 6),6,86-0897,7,Kodi Noir,Thore Hammer Hansen,Alice Haynes,8,3,9.4,N,N,N,N,55,73,1m,10,6, Standard,72,0,5,3,7,Y,Flat,Polytrack,59
Chelmsford,20230709,14:45,Ace Resin Handicap (Class 6),7,98-8303,3,White Mist,George Wood,Mrs I G-Leveque,11,3,9.0,N,N,N,N,51,128,1m,10,6, Standard,70,0,-2,4,4,Y,Flat,Polytrack,45
Chelmsford,20230709,14:45,Ace Resin Handicap (Class 6),3,5-4079,9,Fornham St Martin,S M Levey,S C Williams,11,3,8.13,N,N,N,N,50,41,1m,10,6, Standard,71,0,-5,5,10,Y,Flat,Polytrack,51
Chelmsford,20230709,14:45,Ace Resin Handicap (Class 6),2,442243,3,Coloane,W Buick,W Jarvis,24,3,9.1,Y,N,N,N,61,161,1m,10,6, Standard,71,-1,8,6,3,Y,Flat,Polytrack,51
Chelmsford,20230709,14:45,Ace Resin Handicap (Class 6),5,05-8809,9,Royal Design,Josephine Gordon,P S McEntee,8,3,9.2,N,N,N,N,53,73,1m,10,6, Standard,51,0,-1,7,8,Y,Flat,Polytrack,27
Chelmsford,20230709,14:45,Ace Resin Handicap (Class 6),9,757-893,3,River Lyne,Rossa Ryan,S C Williams,24,3,9.1,N,N,N,N,52,111,1m,10,6, Standard,65,0,2,8,5,Y,Flat,Polytrack,43
Chelmsford,20230709,14:45,Ace Resin Handicap (Class 6),1,078976,6,Don't What Me Boy,K T O'Neill,Alice Haynes,10,3,8.13,N,N,N,N,50,68,1m,10,6, Standard,70,0,1,9,9,Y,Flat,Polytrack,48
Chelmsford,20230709,14:45,Ace Resin Handicap (Class 6),8,164357,7,Man Made Of Smoke,P Cosgrave,P D Evans,13,3,9.3,N,N,N,N,54,109,1m,10,6, Standard,72,0,-7,10,6,Y,Flat,Polytrack,44
Market,20230709,14:55,Europa Industries Mares' Maiden Hurdle (GBB Race) (Class 4),-,1-1,1,Rose In The Park,B S Hughes,J J Hanlon,29,5,11.2,N,N,N,N,-,260,2m 4f 139y,11,4, Good,0,1,5,1,1,N,Jump,Turf,-
Market,20230709,14:55,Europa Industries Mares' Maiden Hurdle (GBB Race) (Class 4),-,PP,P,Honey Davis,Dylan Whelan,Mrs S J Humphrey,23,5,11.2,N,N,N,N,-,73,2m 4f 139y,11,4, Good,0,0,6,2,10,N,Jump,Turf,-
Market,20230709,14:55,Europa Industries Mares' Maiden Hurdle (GBB Race) (Class 4),-,533-F5,5,Night On The Town,Mr Tom Broughton,F O'Brien,46,7,11.2,N,N,N,N,-,145,2m 4f 139y,11,4, Good,101,0,0,3,4,N,Jump,Turf,46
Market,20230709,14:55,Europa Industries Mares' Maiden Hurdle (GBB Race) (Class 4),-,44-9P5,5,Miss Blennerhasset,Aaron Anderson,M E Sowersby,16,4,10.11,N,N,N,N,75,80,2m 4f 139y,11,4, Good,82,1,12,4,9,N,Jump,Turf,64
Market,20230709,14:55,Europa Industries Mares' Maiden Hurdle (GBB Race) (Class 4),-,60/PP-U,U,Mrs Jones,Mr G Barfoot-Saunt,Mrs Tracey Barfoot-Saunt,42,7,11.2,N,N,N,N,-,81,2m 4f 139y,11,4, Good,0,0,-2,5,8,N,Jump,Turf,-
Market,20230709,14:55,Europa Industries Mares' Maiden Hurdle (GBB Race) (Class 4),-,P2-34,4,Noonie,Thomas Dowson,P A Kirby,31,4,10.11,N,N,N,N,92,130,2m 4f 139y,11,4, Good,98,1,-4,6,5,N,Jump,Turf,44
Market,20230709,14:55,Europa Industries Mares' Maiden Hurdle (GBB Race) (Class 4),-,8-93,3,Moon Lady,N de Boinville,N J Henderson,39,5,11.2,N,N,N,N,-,115,2m 4f 139y,11,4, Good,0,1,3,7,7,N,Jump,Turf,-
Market,20230709,14:55,Europa Industries Mares' Maiden Hurdle (GBB Race) (Class 4),-,36F-362,2,You Say Its Over,C O'Farrell,Micky Hammond,9,5,11.2,N,N,N,N,-,205,2m 4f 139y,11,4, Good,99,0,3,8,3,N,Jump,Turf,51
Market,20230709,14:55,Europa Industries Mares' Maiden Hurdle (GBB Race) (Class 4),-,2/5233-2,2,Ma Belle Noire,S Bowen,H Fry,17,6,11.2,N,N,N,N,97,230,2m 4f 139y,11,4, Good,109,1,-11,9,2,N,Jump,Turf,108
Market,20230709,14:55,Europa Industries Mares' Maiden Hurdle (GBB Race) (Class 4),-,472P-39,9,Newmill Moll,David Noonan,Mrs Stella Barclay,22,5,11.2,N,N,N,N,-,128,2m 4f 139y,11,4, Good,72,0,5,10,6,N,Jump,Turf,38
Market,20230709,14:55,Europa Industries Mares' Maiden Hurdle (GBB Race) (Class 4),-,0/,/,Jacktot,G Sheehan,P Bowen,584,6,11.2,N,N,N,N,-,61,2m 4f 139y,11,4, Good,0,1,3,11,11,N,Jump,Turf,-
Ayr,20230709,15:05,EBF Maiden Stakes (GBB Race) (Class 5),5,232,2,Sennockian,J Fanning,Charlie Johnston,16,2,9.7,N,N,N,N,78,217,6f,7,5, Good To Soft,88,-1,0,1,1,N,Flat,Turf,69
Ayr,20230709,15:05,EBF Maiden Stakes (GBB Race) (Class 5),1,3,3,Vantheman,T Eaves,K A Ryan,25,2,9.7,N,N,N,N,-,111,6f,7,5, Good To Soft,78,-1,0,2,3,N,Flat,Turf,34
Ayr,20230709,15:05,EBF Maiden Stakes (GBB Race) (Class 5),4,4,4,Dingwall,A Mullen,I Jardine,46,2,9.7,N,N,N,N,-,96,6f,7,5, Good To Soft,63,-1,0,3,4,N,Flat,Turf,18
Ayr,20230709,15:05,EBF Maiden Stakes (GBB Race) (Class 5),3,43,3,Master Franca,P Mulrennan,H Palmer,22,2,9.7,N,N,N,N,-,161,6f,7,5, Good To Soft,81,-3,2,4,2,N,Flat,Turf,52
Ayr,20230709,15:05,EBF Maiden Stakes (GBB Race) (Class 5),7,7,7,Foreign Exchange,D Tudhope,K R Burke,24,2,9.7,N,N,N,N,-,56,6f,7,5, Good To Soft,40,0,0,5,6,N,Flat,Turf,9
Ayr,20230709,15:05,EBF Maiden Stakes (GBB Race) (Class 5),6,6,6,Strong Request,Sam James,K R Burke,49,2,9.7,N,N,N,N,-,73,6f,7,5, Good To Soft,23,-1,0,6,5,N,Flat,Turf,-
Ayr,20230709,15:05,EBF Maiden Stakes (GBB Race) (Class 5),2,-,-,Appellant,Callum Rodriguez,C Fellowes,-,2,9.7,N,N,N,N,-,46,6f,7,5, Good To Soft,0,0,0,7,7,N,Flat,Turf,-
Sligo,20230709,15:10,Kilcawley Construction Irish EBF Mares Handicap Hurdle,-,130/P-63,3,Nodoubtaboutthat,M P O'Connor,S Crawley,21,8,11.5,N,N,Y,N,109,201,2m 194y,9,-, Good,121,0,2,1,3,Y,Jump,Turf,90
Sligo,20230709,15:10,Kilcawley Construction Irish EBF Mares Handicap Hurdle,-,71034-P,P,Karen's Gift,J P O'Sullivan,P J Rothwell,37,9,10.12,N,N,Y,N,102,169,2m 194y,9,-, Good,123,0,12,2,5,Y,Jump,Turf,111
Sligo,20230709,15:10,Kilcawley Construction Irish EBF Mares Handicap Hurdle,-,0/5280-2,2,Red Ball Of Fire,M J M O'Sullivan,M M McNiff,34,6,11.5,N,N,N,Y,109,210,2m 194y,9,-, Good,122,0,-2,3,2,Y,Jump,Turf,110
Sligo,20230709,15:10,Kilcawley Construction Irish EBF Mares Handicap Hurdle,-,4364-33,3,Angelsworknovrtime,A P Kelly,James Andrew Fahey,22,7,10.8,N,N,N,N,98,140,2m 194y,9,-, Good,127,0,2,4,8,Y,Jump,Turf,111
Sligo,20230709,15:10,Kilcawley Construction Irish EBF Mares Handicap Hurdle,-,232234-,-,Purse Price,J W Kennedy,G Elliott,125,6,11.3,Y,N,N,N,107,166,2m 194y,9,-, Good,121,0,10,5,6,Y,Jump,Turf,85
Sligo,20230709,15:10,Kilcawley Construction Irish EBF Mares Handicap Hurdle,-,12F/217-,-,Nelly's Money,D E Mullins,J P Ryan,374,10,11.5,N,N,Y,N,109,187,2m 194y,9,-, Good,120,0,2,6,4,Y,Jump,Turf,57
Sligo,20230709,15:10,Kilcawley Construction Irish EBF Mares Handicap Hurdle,-,1-,-,We Got This,P M O'Brien,F G Hand,127,5,11.1,N,N,N,N,114,160,2m 194y,9,-, Good,113,0,10,7,7,Y,Jump,Turf,61
Sligo,20230709,15:10,Kilcawley Construction Irish EBF Mares Handicap Hurdle,-,P43P-F1,1,Eve Moneypenny,J S McGarvey,C Bowe,29,5,11.12,N,N,N,N,116,215,2m 194y,9,-, Good,118,0,7,8,1,Y,Jump,Turf,36
Sligo,20230709,15:10,Kilcawley Construction Irish EBF Mares Handicap Hurdle,-,4P700-7,7,Delante,D Meyler,T Cooper,56,5,11.5,N,N,N,N,109,60,2m 194y,9,-, Good,122,0,-2,9,9,Y,Jump,Turf,76
Chelmsford,20230709,15:20,CCR Welcomes The Japan Racing Association Handicap (Class 3),4,3901-35,5,Distinguished Lady,Rowan Scott,Alice Haynes,23,3,8.8,N,Y,N,N,81,122,7f,12,3, Standard,95,-1,-2,1,9,Y,Flat,Polytrack,71
Chelmsford,20230709,15:20,CCR Welcomes The Japan Racing Association Handicap (Class 3),8,116861,1,War In Heaven,Alistair Rawlinson,M Appleby,17,4,9.13,N,Y,N,N,92,214,7f,12,3, Standard,100,0,7,2,5,Y,Flat,Polytrack,87
Chelmsford,20230709,15:20,CCR Welcomes The Japan Racing Association Handicap (Class 3),1,31-1284,4,Open Mind,K T O'Neill,S bin Suroor,17,4,10.3,N,Y,Y,N,96,165,7f,12,3, Standard,90,-1,6,3,7,Y,Flat,Polytrack,-
Chelmsford,20230709,15:20,CCR Welcomes The Japan Racing Association Handicap (Class 3),12,232443,3,Chola Empire,J P Spencer,D M Simcock,10,4,8.12,N,N,Y,Y,77,220,7f,12,3, Standard,101,0,0,4,4,Y,Flat,Polytrack,65
Chelmsford,20230709,15:20,CCR Welcomes The Japan Racing Association Handicap (Class 3),2,1/2455-1,1,Secret Moment,Harry Davies,S bin Suroor,34,6,9.3,N,N,Y,N,82,237,7f,12,3, Standard,100,1,0,5,2,Y,Flat,Polytrack,59
Chelmsford,20230709,15:20,CCR Welcomes The Japan Racing Association Handicap (Class 3),6,0/03512-,-,King's Knight,K Shoemark,D Steele,436,6,9.11,Y,N,Y,N,90,296,7f,12,3, Standard,99,1,-1,6,1,Y,Flat,Polytrack,-
Chelmsford,20230709,15:20,CCR Welcomes The Japan Racing Association Handicap (Class 3),11,132407,7,Wyvern,Jason Hart,S C Williams,17,4,9.1,N,N,Y,N,80,127,7f,12,3, Standard,102,0,4,7,8,Y,Flat,Polytrack,89
Chelmsford,20230709,15:20,CCR Welcomes The Japan Racing Association Handicap (Class 3),10,08-5700,0,Toimy Son,Tom Marquand,D Menuisier,17,4,10.3,N,N,Y,N,96,101,7f,12,3, Standard,103,-1,9,8,12,Y,Flat,Polytrack,-
Chelmsford,20230709,15:20,CCR Welcomes The Japan Racing Association Handicap (Class 3),7,7-32307,7,Sir Oliver,Stefano Cherchi,C A Dwyer,31,6,9.6,N,N,Y,Y,85,115,7f,12,3, Standard,102,1,-4,9,10,Y,Flat,Polytrack,72
Chelmsford,20230709,15:20,CCR Welcomes The Japan Racing Association Handicap (Class 3),5,117,7,Owl Island,W Buick,S & E Crisford,22,3,9.1,N,N,Y,Y,88,224,7f,12,3, Standard,100,0,-2,10,3,Y,Flat,Polytrack,68
Chelmsford,20230709,15:20,CCR Welcomes The Japan Racing Association Handicap (Class 3),9,3110,0,Onight,Hollie Doyle,A Watson,53,3,9.1,N,N,Y,N,88,200,7f,12,3, Standard,99,0,-2,11,6,Y,Flat,Polytrack,83
Chelmsford,20230709,15:20,CCR Welcomes The Japan Racing Association Handicap (Class 3),3,21-2068,8,New Definition,N Callan,J Tate,22,3,9.8,N,N,Y,N,95,111,7f,12,3, Standard,101,0,-3,12,11,Y,Flat,Polytrack,78
Market,20230709,15:30,John Matthews Memorial Handicap Hurdle (Class 4),-,6/50-,-,Adamaris,B S Hughes,A Keatley,14,6,11.9,N,N,N,N,105,83,2m 125y,12,4, Good,104,0,26,1,10,Y,Jump,Turf,75
Market,20230709,15:30,John Matthews Memorial Handicap Hurdle (Class 4),-,83/249-2,2,Saturday Song,Tom Cannon,A King,59,7,11.8,N,N,N,N,104,112,2m 125y,12,4, Good,108,0,6,2,7,Y,Jump,Turf,105
Market,20230709,15:30,John Matthews Memorial Handicap Hurdle (Class 4),-,221225-,-,Simply Red,Charlie Maggs,D McCain Jnr,271,5,11.8,Y,N,Y,N,104,201,2m 125y,12,4, Good,114,0,2,3,2,Y,Jump,Turf,87
Market,20230709,15:30,John Matthews Memorial Handicap Hurdle (Class 4),-,17P4PP-,-,Let's Have Another,Benjamin Poste,C Hobson,73,7,11.9,N,Y,N,N,105,74,2m 125y,12,4, Good,113,0,3,4,11,Y,Jump,Turf,93
Market,20230709,15:30,John Matthews Memorial Handicap Hurdle (Class 4),-,331635-,-,Seaborough,James Davies,D Shaw,10,8,10.1,N,N,Y,N,92,190,2m 125y,12,4, Good,109,2,22,5,3,Y,Jump,Turf,93
Market,20230709,15:30,John Matthews Memorial Handicap Hurdle (Class 4),-,3-13,3,Sisterandbrother,H Cobden,M F Harris,35,5,11.7,N,N,N,N,103,215,2m 125y,12,4, Good,112,0,7,6,1,Y,Jump,Turf,71
Market,20230709,15:30,John Matthews Memorial Handicap Hurdle (Class 4),-,30/6-061,1,Supposedtobe,S Bowen,P Bowen,17,5,12.0,N,N,N,N,110,170,2m 125y,12,4, Good,108,1,12,7,6,Y,Jump,Turf,85
Market,20230709,15:30,John Matthews Memorial Handicap Hurdle (Class 4),-,1110P/6-,-,Sehayli,Patrick Cowley,L Morgan,398,10,10.5,N,N,N,N,87,43,2m 125y,12,4, Good,0,1,-19,8,12,Y,Jump,Turf,81
Market,20230709,15:30,John Matthews Memorial Handicap Hurdle (Class 4),-,69PP-95,5,Chasamax,Cillin Leonard,S-J Davies,24,8,11.6,N,N,N,N,102,102,2m 125y,12,4, Good,109,0,5,9,9,Y,Jump,Turf,69
Market,20230709,15:30,John Matthews Memorial Handicap Hurdle (Class 4),-,34P3-61,1,Allbetsoff,Jamie Hamilton,M Walford,33,7,11.7,N,N,N,N,103,181,2m 125y,12,4, Good,114,1,-1,10,5,Y,Jump,Turf,78
Market,20230709,15:30,John Matthews Memorial Handicap Hurdle (Class 4),-,5572-18,8,Pateen,Aaron Anderson,J Bedi,22,11,10.1,N,N,Y,Y,92,183,2m 125y,12,4, Good,114,1,-2,11,4,Y,Jump,Turf,73
Market,20230709,15:30,John Matthews Memorial Handicap Hurdle (Class 4),-,64338-3,3,Pillar Of Steel,N de Boinville,Henry Oliver,36,8,11.11,N,N,N,N,107,108,2m 125y,12,4, Good,112,0,4,12,8,Y,Jump,Turf,96
Ayr,20230709,15:40,Book For Scottish Sun Ladies Night Classified Stakes (Class 6),3,605666,6,Darker,J P Sullivan,Mrs R Carr,15,4,9.9,N,N,N,N,47,101,1m,12,6, Good To Soft,58,0,3,1,8,N,Flat,Turf,42
Ayr,20230709,15:40,Book For Scottish Sun Ladies Night Classified Stakes (Class 6),9,87-0064,4,Elettaria,Mark Winn,J S Wainwright,34,4,9.9,N,N,N,N,43,103,1m,12,6, Good To Soft,60,0,14,2,7,N,Flat,Turf,43
Ayr,20230709,15:40,Book For Scottish Sun Ladies Night Classified Stakes (Class 6),2,205574,4,Mac Ailey,Sean Kirrane,T D Easterby,18,7,9.9,N,N,Y,N,46,141,1m,12,6, Good To Soft,63,0,-4,3,3,N,Flat,Turf,43
Ayr,20230709,15:40,Book For Scottish Sun Ladies Night Classified Stakes (Class 6),7,49-2874,4,Banner Road,Sam James,J S Goldie,16,4,9.9,N,N,N,N,48,97,1m,12,6, Good To Soft,61,0,9,4,9,N,Flat,Turf,37
Ayr,20230709,15:40,Book For Scottish Sun Ladies Night Classified Stakes (Class 6),5,255720,0,Reverberation,P Mulrennan,J J Lambe,17,8,9.9,N,N,Y,N,49,184,1m,12,6, Good To Soft,64,0,8,5,2,N,Flat,Turf,47
Ayr,20230709,15:40,Book For Scottish Sun Ladies Night Classified Stakes (Class 6),8,904497,7,Far From A Ruby,Phil Dennis,K Scott,16,6,9.9,N,N,Y,Y,49,110,1m,12,6, Good To Soft,65,0,7,6,6,N,Flat,Turf,44
Ayr,20230709,15:40,Book For Scottish Sun Ladies Night Classified Stakes (Class 6),4,00-4694,4,Navy Wren,Callum Rodriguez,M Dods,12,3,9.0,N,N,N,N,45,123,1m,12,6, Good To Soft,53,0,0,7,4,N,Flat,Turf,38
Ayr,20230709,15:40,Book For Scottish Sun Ladies Night Classified Stakes (Class 6),10,621728,8,Our Dickie,A Mullen,I Jardine,10,4,9.9,N,N,Y,N,49,202,1m,12,6, Good To Soft,61,0,2,8,1,N,Flat,Turf,54
Ayr,20230709,15:40,Book For Scottish Sun Ladies Night Classified Stakes (Class 6),6,6030-77,7,Hollis Brown,Jonny Peate,Miss L A Perratt,55,4,9.9,N,N,N,N,45,26,1m,12,6, Good To Soft,60,0,8,9,11,N,Flat,Turf,-
Ayr,20230709,15:40,Book For Scottish Sun Ladies Night Classified Stakes (Class 6),1,0/5800-0,0,Royal Princess,P Mathers,R M Smith,47,5,9.9,N,N,N,N,32,24,1m,12,6, Good To Soft,35,0,20,10,12,N,Flat,Turf,-
Ayr,20230709,15:40,Book For Scottish Sun Ladies Night Classified Stakes (Class 6),12,0789-80,0,Nazca,T Eaves,Miss L A Perratt,10,4,9.9,N,N,N,N,44,53,1m,12,6, Good To Soft,49,0,9,11,10,N,Flat,Turf,25
Ayr,20230709,15:40,Book For Scottish Sun Ladies Night Classified Stakes (Class 6),11,655,5,Mane Man Boris,Amie Waugh,Mrs Stella Barclay,68,3,9.0,N,N,N,N,27,118,1m,12,6, Good To Soft,30,-1,-4,12,5,N,Flat,Turf,-
Sligo,20230709,15:45,Friends Of Brian Mulligan Opportunity Handicap Hurdle (80-116),-,091-424,4,Willyouwalkwithme,J P Shinnick,H Smyth,21,8,11.7,N,N,Y,Y,109,271,2m 194y,10,-, Good,122,0,10,1,1,Y,Jump,Turf,100
Sligo,20230709,15:45,Friends Of Brian Mulligan Opportunity Handicap Hurdle (80-116),-,00133-3,3,Pont Audemer,K E Buckley,G P Cromwell,13,4,11.6,N,N,N,N,112,182,2m 194y,10,-, Good,120,0,16,2,6,Y,Jump,Turf,97
Sligo,20230709,15:45,Friends Of Brian Mulligan Opportunity Handicap Hurdle (80-116),-,PP00-4P,P,So Easy Way,D Moloney,I Madden,13,7,10.0,N,N,Y,N,80,150,2m 194y,10,-, Good,104,0,3,3,7,Y,Jump,Turf,73
Sligo,20230709,15:45,Friends Of Brian Mulligan Opportunity Handicap Hurdle (80-116),-,0084-32,2,Staging Post,M J M O'Sullivan,M M McNiff,26,7,10.6,Y,Y,N,N,94,200,2m 194y,10,-, Good,124,0,-6,4,4,Y,Jump,Turf,105
Sligo,20230709,15:45,Friends Of Brian Mulligan Opportunity Handicap Hurdle (80-116),-,0R07-51,1,Bigz Belief,J Smith,M J Smith,16,6,11.12,N,Y,N,N,114,223,2m 194y,10,-, Good,132,0,33,5,3,Y,Jump,Turf,95
Sligo,20230709,15:45,Friends Of Brian Mulligan Opportunity Handicap Hurdle (80-116),-,0/08770-,-,Woodstream Lad,M P O'Connor,R K Watson,262,6,10.0,N,N,N,N,83,37,2m 194y,10,-, Good,112,0,-15,6,10,Y,Jump,Turf,80
Sligo,20230709,15:45,Friends Of Brian Mulligan Opportunity Handicap Hurdle (80-116),-,6221-3P,P,The Big Chap,A P Kelly,P W Flynn,27,6,12.0,Y,N,N,N,116,193,2m 194y,10,-, Good,122,0,21,7,5,Y,Jump,Turf,77
Sligo,20230709,15:45,Friends Of Brian Mulligan Opportunity Handicap Hurdle (80-116),-,36-78,8,Alhaajeb,Shane Fenelon,J J Hanlon,35,5,10.1,N,Y,N,N,98,43,2m 194y,10,-, Good,122,0,-7,8,9,Y,Jump,Turf,85
Sligo,20230709,15:45,Friends Of Brian Mulligan Opportunity Handicap Hurdle (80-116),-,752-021,1,Warm In Gorey,P J O'Hanlon,P J Rothwell,28,5,10.8,N,N,N,N,96,231,2m 194y,10,-, Good,123,0,7,9,2,Y,Jump,Turf,105
Sligo,20230709,15:45,Friends Of Brian Mulligan Opportunity Handicap Hurdle (80-116),-,90473-0,0,Garcon Doux,C M Quirke,P Fenton,64,7,11.2,N,N,N,N,104,109,2m 194y,10,-, Good,124,0,3,10,8,Y,Jump,Turf,98
Chelmsford,20230709,15:55,Champagne Collet Queen Charlotte Fillies' Stakes (Fillies' And Mares' Listed) (Class 1),3,5-22751,1,White Moonlight,K Shoemark,S bin Suroor,36,6,9.5,N,N,Y,N,106,237,7f,8,1, Standard,119,0,2,1,3,N,Flat,Polytrack,93
Chelmsford,20230709,15:55,Champagne Collet Queen Charlotte Fillies' Stakes (Fillies' And Mares' Listed) (Class 1),2,1388-22,2,Heredia,S M Levey,R Hannon,36,4,9.2,Y,N,Y,N,102,296,7f,8,1, Standard,123,0,-1,2,1,N,Flat,Polytrack,-
Chelmsford,20230709,15:55,Champagne Collet Queen Charlotte Fillies' Stakes (Fillies' And Mares' Listed) (Class 1),6,33127-2,2,Another Romance,W Buick,S & E Crisford,24,4,9.2,Y,N,Y,N,99,211,7f,8,1, Standard,117,2,-9,3,4,N,Flat,Polytrack,-
Chelmsford,20230709,15:55,Champagne Collet Queen Charlotte Fillies' Stakes (Fillies' And Mares' Listed) (Class 1),4,714-P55,5,Potapova,R Kingscote,Sir Michael Stoute,18,5,9.2,N,N,Y,Y,105,211,7f,8,1, Standard,120,0,0,4,5,N,Flat,Polytrack,-
Chelmsford,20230709,15:55,Champagne Collet Queen Charlotte Fillies' Stakes (Fillies' And Mares' Listed) (Class 1),5,2-22123,3,Aramis Grey,Callum Shepherd,Rae Guest,44,6,9.2,N,Y,Y,N,95,265,7f,8,1, Standard,111,0,-5,5,2,N,Flat,Polytrack,97
Chelmsford,20230709,15:55,Champagne Collet Queen Charlotte Fillies' Stakes (Fillies' And Mares' Listed) (Class 1),7,11-1737,7,Queen Aminatu,Tom Marquand,W J Haggas,18,4,9.2,N,N,Y,N,105,182,7f,8,1, Standard,123,0,0,6,7,N,Flat,Polytrack,109
Chelmsford,20230709,15:55,Champagne Collet Queen Charlotte Fillies' Stakes (Fillies' And Mares' Listed) (Class 1),8,43-8630,0,Internationalangel,Robert Tart,Jane Chapple-Hyam,18,6,9.2,N,N,Y,Y,100,191,7f,8,1, Standard,115,0,0,7,6,N,Flat,Polytrack,86
Chelmsford,20230709,15:55,Champagne Collet Queen Charlotte Fillies' Stakes (Fillies' And Mares' Listed) (Class 1),1,214537,7,Hodd's Girl,Hollie Doyle,A McGuinness,76,6,9.2,N,N,Y,N,100,156,7f,8,1, Standard,111,0,-2,8,8,N,Flat,Polytrack,94
Market,20230709,16:05,Chris Allinson Memorial Novices' Handicap Chase (Class 5),-,37792-3,3,We'll Go Again,Jonathan England,S England,26,7,11.7,N,N,N,Y,93,288,2m 1f 43y,10,5, Good,107,1,24,1,1,Y,Jump,Turf,93
Market,20230709,16:05,Chris Allinson Memorial Novices' Handicap Chase (Class 5),-,51-62F1,1,Rocambolas,Dylan Whelan,B Pauling,6,6,11.4,N,N,N,N,83,218,2m 1f 43y,10,5, Good,106,0,12,2,4,Y,Jump,Turf,93
Market,20230709,16:05,Chris Allinson Memorial Novices' Handicap Chase (Class 5),-,P00P-84,4,A Cheap Thrill,C O'Farrell,Micky Hammond,9,6,12.0,N,N,N,N,100,105,2m 1f 43y,10,5, Good,96,-1,11,3,10,Y,Jump,Turf,35
Market,20230709,16:05,Chris Allinson Memorial Novices' Handicap Chase (Class 5),-,2446-22,2,Honneur De Sivola,Benjamin Poste,C Hobson,30,6,11.1,Y,N,N,N,96,238,2m 1f 43y,10,5, Good,102,0,5,4,2,Y,Jump,Turf,94
Market,20230709,16:05,Chris Allinson Memorial Novices' Handicap Chase (Class 5),-,PPP2-P5,5,Bolberry Down,Brendan Powell,K Jewell,23,7,10.2,N,N,N,N,73,188,2m 1f 43y,10,5, Good,0,0,-10,5,5,Y,Jump,Turf,-
Market,20230709,16:05,Chris Allinson Memorial Novices' Handicap Chase (Class 5),-,7U5U-25,5,Mutual Respect,Harry Bannister,Billy Aprahamian,25,7,11.1,N,N,N,N,96,220,2m 1f 43y,10,5, Good,104,0,-2,6,3,Y,Jump,Turf,-
Market,20230709,16:05,Chris Allinson Memorial Novices' Handicap Chase (Class 5),-,08-7354,4,Mawlood,Non Runner,Georgie Howell,6,7,10.2,N,N,N,N,69,122,2m 1f 43y,10,5, Good,96,0,1,7,8,Y,Jump,Turf,-
Market,20230709,16:05,Chris Allinson Memorial Novices' Handicap Chase (Class 5),-,PP5P5-P,P,Coconut Tudor,James Davies,D Shaw,11,7,10.8,N,N,N,N,80,132,2m 1f 43y,10,5, Good,101,0,-4,8,7,Y,Jump,Turf,83
Market,20230709,16:05,Chris Allinson Memorial Novices' Handicap Chase (Class 5),-,552U4-P,P,Ensel Du Perche,David Noonan,Mrs Stella Barclay,64,9,10.2,N,N,N,N,74,162,2m 1f 43y,10,5, Good,106,0,-1,9,6,Y,Jump,Turf,80
Market,20230709,16:05,Chris Allinson Memorial Novices' Handicap Chase (Class 5),-,004734-,-,Heros De Moutiers,B S Hughes,D McCain Jnr,140,6,11.8,N,N,N,N,94,121,2m 1f 43y,10,5, Good,0,0,-3,10,9,Y,Jump,Turf,-
Ayr,20230709,16:15,Mamma Mia Experience At Western House Handicap (Class 4),3,511,1,Chriszoff,L Morris,A Watson,40,3,9.3,N,N,N,N,82,246,1m 2f,7,4, Good To Soft,83,1,-7,1,2,Y,Flat,Turf,52
Ayr,20230709,16:15,Mamma Mia Experience At Western House Handicap (Class 4),2,51-9326,6,Venetian,J Fanning,Charlie Johnston,14,3,9.1,N,N,N,N,80,195,1m 2f,7,4, Good To Soft,87,0,-4,2,4,Y,Flat,Turf,79
Ayr,20230709,16:15,Mamma Mia Experience At Western House Handicap (Class 4),5,322166,6,Old Smoke,O J Orr,R A Fahey,36,3,9.2,N,N,N,N,81,100,1m 2f,7,4, Good To Soft,87,-1,1,3,7,Y,Flat,Turf,74
Ayr,20230709,16:15,Mamma Mia Experience At Western House Handicap (Class 4),4,79-2463,3,Feel The Need,D Tudhope,D O'Meara,25,3,9.5,N,Y,N,N,84,152,1m 2f,7,4, Good To Soft,89,0,-4,4,6,Y,Flat,Turf,67
Ayr,20230709,16:15,Mamma Mia Experience At Western House Handicap (Class 4),6,6-08530,0,Tilsitt,Andrew Breslin,R M Smith,11,6,9.6,N,Y,Y,Y,75,197,1m 2f,7,4, Good To Soft,91,0,2,5,3,Y,Flat,Turf,80
Ayr,20230709,16:15,Mamma Mia Experience At Western House Handicap (Class 4),1,448013,3,Sophiesticate,P Mulrennan,J S Goldie,11,4,9.3,N,N,N,Y,72,302,1m 2f,7,4, Good To Soft,88,0,11,6,1,Y,Flat,Turf,78
Ayr,20230709,16:15,Mamma Mia Experience At Western House Handicap (Class 4),7,21/577-2,2,Dubai Souq,Sean Kirrane,S bin Suroor,62,6,10.2,Y,N,Y,N,85,170,1m 2f,7,4, Good To Soft,92,0,5,7,5,Y,Flat,Turf,63
Sligo,20230709,16:20,DecoClip Construction Handicap Hurdle (80-95),-,224/60-3,3,Natural Breeze,J P O'Sullivan,P J Rothwell,21,8,11.5,N,N,N,N,86,127,2m 3f 194y,19,-, Good,101,0,4,1,4,Y,Jump,Turf,57
Sligo,20230709,16:20,DecoClip Construction Handicap Hurdle (80-95),-,0000-2P,P,Macs Lady,B W Harvey,S K Ryder,27,5,11.5,N,N,N,N,86,168,2m 3f 194y,19,-, Good,98,0,0,2,2,Y,Jump,Turf,12
Sligo,20230709,16:20,DecoClip Construction Handicap Hurdle (80-95),-,0P69P-6,6,Athagabhain,Mr H E Sexton,A Sexton,9,6,11.2,N,N,N,N,83,111,2m 3f 194y,19,-, Good,105,0,25,3,6,Y,Jump,Turf,77
Sligo,20230709,16:20,DecoClip Construction Handicap Hurdle (80-95),-,8000-09,9,Sean Og,D E Mullins,Ms M Mullins,51,5,12.0,N,N,N,N,95,24,2m 3f 194y,19,-, Good,103,0,0,4,17,Y,Jump,Turf,-
Sligo,20230709,16:20,DecoClip Construction Handicap Hurdle (80-95),-,009/0PP-,-,Mooney Boy,S D Torrens,P J Rothwell,360,6,10.13,N,N,N,N,80,37,2m 3f 194y,19,-, Good,100,0,2,5,15,Y,Jump,Turf,27
Sligo,20230709,16:20,DecoClip Construction Handicap Hurdle (80-95),-,46F1-59,9,Leish Oscars Son,K E Buckley,G P Cromwell,19,7,12.0,N,N,N,N,95,73,2m 3f 194y,19,-, Good,100,0,0,6,10,Y,Jump,Turf,43
Sligo,20230709,16:20,DecoClip Construction Handicap Hurdle (80-95),-,006400-,-,Tea It Is,S W Flanagan,Vincent Carroll,150,6,11.8,N,N,N,N,89,24,2m 3f 194y,19,-, Good,96,0,4,7,18,Y,Jump,Turf,31
Sligo,20230709,16:20,DecoClip Construction Handicap Hurdle (80-95),-,8P/P50-7,7,Getaway Master,Reserve 3,Richard Daniels,27,6,10.13,N,N,N,N,80,50,2m 3f 194y,19,-, Good,99,0,2,8,13,Y,Jump,Turf,50
Sligo,20230709,16:20,DecoClip Construction Handicap Hurdle (80-95),-,69786-9,9,Inagh's Gift,D J O'Keeffe,S P Hennessy,27,10,10.13,N,N,N,N,80,56,2m 3f 194y,19,-, Good,102,0,4,9,12,Y,Jump,Turf,70
Sligo,20230709,16:20,DecoClip Construction Handicap Hurdle (80-95),-,P/0000-0,0,Sayitfirst,J J Slevin,Darren Collins,27,7,10.13,N,N,N,N,80,43,2m 3f 194y,19,-, Good,93,0,2,10,14,Y,Jump,Turf,55
Sligo,20230709,16:20,DecoClip Construction Handicap Hurdle (80-95),-,900/9-9,9,Millies Dream,K M Donoghue,G P Cromwell,44,5,11.8,N,N,N,N,89,23,2m 3f 194y,19,-, Good,85,0,-1,11,19,Y,Jump,Turf,-
Sligo,20230709,16:20,DecoClip Construction Handicap Hurdle (80-95),-,000-04D,D,Attitash,Caragh Monaghan,Ian Donoghue,28,8,11.8,N,Y,N,N,89,86,2m 3f 194y,19,-, Good,101,0,7,12,9,Y,Jump,Turf,86
Sligo,20230709,16:20,DecoClip Construction Handicap Hurdle (80-95),-,6P98-05,5,Our Jervis,Reserve 1,N C Kelly,22,6,11.7,N,N,N,N,88,110,2m 3f 194y,19,-, Good,95,0,3,13,7,Y,Jump,Turf,24
Sligo,20230709,16:20,DecoClip Construction Handicap Hurdle (80-95),-,00048-4,4,Bidentime,P T Enright,N G Hynds,47,7,11.1,Y,N,N,N,82,104,2m 3f 194y,19,-, Good,105,0,0,14,8,Y,Jump,Turf,43
Sligo,20230709,16:20,DecoClip Construction Handicap Hurdle (80-95),-,12056-P,P,Shean Glory,S F O'Keeffe,S Aherne,45,7,11.6,N,N,N,N,87,117,2m 3f 194y,19,-, Good,99,0,-1,15,5,Y,Jump,Turf,86
Sligo,20230709,16:20,DecoClip Construction Handicap Hurdle (80-95),-,070PP-0,0,Midnight Fortune,Reserve 2,N C Kelly,47,5,10.13,N,N,N,N,80,36,2m 3f 194y,19,-, Good,98,0,0,16,16,Y,Jump,Turf,52
Sligo,20230709,16:20,DecoClip Construction Handicap Hurdle (80-95),-,984-6P,P,Mosaaheb,J S McGarvey,J J Hanlon,40,5,11.7,N,N,N,N,88,137,2m 3f 194y,19,-, Good,95,0,-1,17,3,Y,Jump,Turf,-
Sligo,20230709,16:20,DecoClip Construction Handicap Hurdle (80-95),-,7P10-10,0,Corkbeg,C M Quirke,D H Kelly,44,6,12.0,N,N,Y,N,95,172,2m 3f 194y,19,-, Good,99,0,0,18,1,Y,Jump,Turf,46
Sligo,20230709,16:20,DecoClip Construction Handicap Hurdle (80-95),-,8P9880-,-,Getabelle,B Hayes,L P Cusack,110,6,11.3,N,N,N,N,84,61,2m 3f 194y,19,-, Good,91,0,3,19,11,Y,Jump,Turf,66
Chelmsford,20230709,16:30,Happy Birthday Linda Handicap (Class 6),12,6-043,3,Ben Hamrash,Tom Marquand,E Walker,20,3,9.7,N,N,N,N,64,172,7f,14,6, Standard,70,-1,3,1,4,Y,Flat,Polytrack,56
Chelmsford,20230709,16:30,Happy Birthday Linda Handicap (Class 6),11,2-73042,2,Captain Wentworth,N Callan,J Butler,31,3,9.5,N,N,N,N,62,191,7f,14,6, Standard,75,0,-4,2,2,Y,Flat,Polytrack,57
Chelmsford,20230709,16:30,Happy Birthday Linda Handicap (Class 6),10,66203,3,My Mate Mike,Charlie Bennett,D K Ivory,52,3,9.4,N,N,N,N,61,101,7f,14,6, Standard,70,0,-2,3,10,Y,Flat,Polytrack,43
Chelmsford,20230709,16:30,Happy Birthday Linda Handicap (Class 6),14,458326,6,Araifjan,Jason Hart,M Herrington,45,6,9.13,N,Y,Y,N,62,237,7f,14,6, Standard,73,0,11,4,1,Y,Flat,Polytrack,64
Chelmsford,20230709,16:30,Happy Birthday Linda Handicap (Class 6),9,124346,6,Fayasel,Callum Shepherd,M Murphy & M Keady,24,3,9.5,N,N,Y,N,62,187,7f,14,6, Standard,74,0,-2,5,3,Y,Flat,Polytrack,67
Chelmsford,20230709,16:30,Happy Birthday Linda Handicap (Class 6),8,2-13265,5,Monaadhil,Billy Loughnane,Mrs R Carr,16,9,9.8,N,N,Y,Y,57,167,7f,14,6, Standard,71,0,4,6,6,Y,Flat,Polytrack,64
Chelmsford,20230709,16:30,Happy Birthday Linda Handicap (Class 6),3,2-45756,6,Ferensby,K Shoemark,R Hannon,11,3,9.7,N,N,N,N,64,136,7f,14,6, Standard,73,-1,3,7,8,Y,Flat,Polytrack,64
Chelmsford,20230709,16:30,Happy Birthday Linda Handicap (Class 6),1,06-8958,8,Media Guest,Mikkel Mortensen,G G Margarson,51,5,10.1,N,N,N,N,64,60,7f,14,6, Standard,67,-1,14,8,14,Y,Flat,Polytrack,41
Chelmsford,20230709,16:30,Happy Birthday Linda Handicap (Class 6),13,400-169,9,Poweredbylove,Hollie Doyle,R M H Cowell,11,3,9.5,N,Y,N,N,62,114,7f,14,6, Standard,72,-1,2,9,9,Y,Flat,Polytrack,41
Chelmsford,20230709,16:30,Happy Birthday Linda Handicap (Class 6),7,25-4090,0,Baccarat Baby,Darragh Keenan,R Eddery,11,3,9.6,N,N,N,N,63,73,7f,14,6, Standard,71,-1,1,10,11,Y,Flat,Polytrack,40
Chelmsford,20230709,16:30,Happy Birthday Linda Handicap (Class 6),6,64/58-7,7,Hezahunk,Rossa Ryan,M Appleby,26,4,9.12,N,N,N,N,61,62,7f,14,6, Standard,67,-1,10,11,12,Y,Flat,Polytrack,34
Chelmsford,20230709,16:30,Happy Birthday Linda Handicap (Class 6),5,426892,2,One Hart,K T O'Neill,D P Quinn,69,6,10.1,N,N,Y,N,64,170,7f,14,6, Standard,70,0,7,12,5,Y,Flat,Polytrack,58
Chelmsford,20230709,16:30,Happy Birthday Linda Handicap (Class 6),2,670900,0,Bond Boy,Alistair Rawlinson,M Appleby,13,4,9.13,N,N,Y,Y,62,147,7f,14,6, Standard,68,0,5,13,7,Y,Flat,Polytrack,54
Chelmsford,20230709,16:30,Happy Birthday Linda Handicap (Class 6),4,272660,0,The Nail Gunner,George Rooke,D P Quinn,26,5,10.0,N,N,N,N,63,61,7f,14,6, Standard,74,-1,7,14,13,Y,Flat,Polytrack,55
Market,20230709,16:40,Michelle Bates Brain Cancer Charities Handicap Chase (Class 3),-,4514-14,4,Hidden Depths,Bryan Carver,N P Mulholland,11,8,11.2,N,N,Y,N,112,257,2m 5f 89y,5,3, Good,129,2,19,1,2,Y,Jump,Turf,114
Market,20230709,16:40,Michelle Bates Brain Cancer Charities Handicap Chase (Class 3),-,31P-724,4,Hidden Commander,Danny McMenamin,W Coltherd,28,8,11.4,Y,N,Y,N,114,249,2m 5f 89y,5,3, Good,131,0,1,2,3,Y,Jump,Turf,118
Market,20230709,16:40,Michelle Bates Brain Cancer Charities Handicap Chase (Class 3),-,5U56-11,1,Courtland,S Bowen,P Bowen,18,8,11.12,N,N,N,N,122,269,2m 5f 89y,5,3, Good,131,1,3,3,1,Y,Jump,Turf,101
Market,20230709,16:40,Michelle Bates Brain Cancer Charities Handicap Chase (Class 3),-,1P5-P32,2,Shetland Bus,B S Hughes,Dr R D P Newland,6,10,11.6,N,N,N,N,116,173,2m 5f 89y,5,3, Good,131,1,5,4,5,Y,Jump,Turf,73
Market,20230709,16:40,Michelle Bates Brain Cancer Charities Handicap Chase (Class 3),-,62U-383,3,Captain Tom Cat,Luke Scott,Dr R D P Newland,17,8,11.1,Y,N,Y,N,120,184,2m 5f 89y,5,3, Good,133,1,4,5,4,Y,Jump,Turf,117
Ayr,20230709,16:50,Book Bounce Bingo At Ayr Racecourse Handicap (Class 3),1,571071,1,Young Fire,D Tudhope,D O'Meara,15,8,9.9,N,N,Y,N,83,189,1m,8,3, Good To Soft,100,1,8,1,5,Y,Flat,Turf,72
Ayr,20230709,16:50,Book Bounce Bingo At Ayr Racecourse Handicap (Class 3),5,237-351,1,Power Of Gold,L Morris,H Palmer,21,3,8.13,N,N,Y,N,82,225,1m,8,3, Good To Soft,95,1,-6,2,3,Y,Flat,Turf,75
Ayr,20230709,16:50,Book Bounce Bingo At Ayr Racecourse Handicap (Class 3),7,311111,1,Sparks Fly,Laura Pearson,D Loughnane,9,3,9.1,N,N,Y,N,93,327,1m,8,3, Good To Soft,98,0,4,3,1,Y,Flat,Turf,78
Ayr,20230709,16:50,Book Bounce Bingo At Ayr Racecourse Handicap (Class 3),4,09/008-2,2,Royal Pippen,A Mullen,S Donohoe,15,6,9.5,N,N,N,N,79,163,1m,8,3, Good To Soft,99,0,-7,4,6,Y,Flat,Turf,58
Ayr,20230709,16:50,Book Bounce Bingo At Ayr Racecourse Handicap (Class 3),6,131218,8,Gincident,O J Orr,R A Fahey,43,3,9.6,N,N,Y,N,89,200,1m,8,3, Good To Soft,93,-1,8,5,4,Y,Flat,Turf,75
Ayr,20230709,16:50,Book Bounce Bingo At Ayr Racecourse Handicap (Class 3),3,32240-0,0,Redarna,P Mulrennan,Mrs Dianne Sayer,17,9,10.3,N,Y,Y,Y,91,104,1m,8,3, Good To Soft,97,-1,15,6,8,Y,Flat,Turf,89
Ayr,20230709,16:50,Book Bounce Bingo At Ayr Racecourse Handicap (Class 3),8,3037-15,5,Alpine Sierra,J Fanning,J S Goldie,11,5,8.11,N,N,Y,Y,69,249,1m,8,3, Good To Soft,93,1,1,7,2,Y,Flat,Turf,76
Ayr,20230709,16:50,Book Bounce Bingo At Ayr Racecourse Handicap (Class 3),2,5421-36,6,Shahbaz,Callum Rodriguez,C Fellowes,57,3,9.4,N,N,N,N,87,128,1m,8,3, Good To Soft,94,0,-5,8,7,Y,Flat,Turf,62
Sligo,20230709,16:55,Sligo Park Hotel Handicap Hurdle (80-109),-,6953-87,7,Knocknagappagh,S W Flanagan,Peter Fahey,21,7,11.4,N,N,N,N,99,73,3m 1f 88y,17,-, Good,118,0,10,1,16,Y,Jump,Turf,73
Sligo,20230709,16:55,Sligo Park Hotel Handicap Hurdle (80-109),-,422-431,1,Mister Twist,E Dwan,P Fenton,21,5,12.0,N,N,N,N,109,198,3m 1f 88y,17,-, Good,119,0,12,2,6,Y,Jump,Turf,86
Sligo,20230709,16:55,Sligo Park Hotel Handicap Hurdle (80-109),-,58-5U03,3,Pale Blue Dot,P K Donovan,D Hogan,1,7,11.13,N,N,N,N,108,112,3m 1f 88y,17,-, Good,115,0,14,3,12,Y,Jump,Turf,-
Sligo,20230709,16:55,Sligo Park Hotel Handicap Hurdle (80-109),-,6767-21,1,Gotthenod,T P Harney,R O'Sullivan,18,9,11.13,N,N,Y,N,108,302,3m 1f 88y,17,-, Good,116,0,4,4,1,Y,Jump,Turf,101
Sligo,20230709,16:55,Sligo Park Hotel Handicap Hurdle (80-109),-,4760-11,1,Iridescent,R J Condon,J Fogarty,22,9,11.7,N,N,N,N,102,254,3m 1f 88y,17,-, Good,116,0,0,5,3,Y,Jump,Turf,27
Sligo,20230709,16:55,Sligo Park Hotel Handicap Hurdle (80-109),-,78-0934,4,Dinoland,B W Harvey,J C McConnell,18,5,11.2,N,N,N,N,97,184,3m 1f 88y,17,-, Good,114,0,-7,6,7,Y,Jump,Turf,101
Sligo,20230709,16:55,Sligo Park Hotel Handicap Hurdle (80-109),-,235-0U1,1,Ballyglass Beauty,L A McKenna,L P Cusack,26,7,11.6,N,N,N,Y,101,221,3m 1f 88y,17,-, Good,116,0,6,7,4,Y,Jump,Turf,72
Sligo,20230709,16:55,Sligo Park Hotel Handicap Hurdle (80-109),-,245-122,2,Goodnightngodbless,A P Kelly,J Motherway,19,10,11.7,Y,N,Y,N,102,296,3m 1f 88y,17,-, Good,118,0,16,8,2,Y,Jump,Turf,-
Sligo,20230709,16:55,Sligo Park Hotel Handicap Hurdle (80-109),-,4/F6P-PU,U,Winter Carnival,S Fitzgerald,J Neilan,45,8,11.7,N,N,N,N,102,130,3m 1f 88y,17,-, Good,112,0,-2,9,9,Y,Jump,Turf,-
Sligo,20230709,16:55,Sligo Park Hotel Handicap Hurdle (80-109),-,2P5F-05,5,Steps Match,Reserve 1,M Butler,19,8,10.9,N,N,N,N,90,71,3m 1f 88y,17,-, Good,117,0,-13,10,17,Y,Jump,Turf,-
Sligo,20230709,16:55,Sligo Park Hotel Handicap Hurdle (80-109),-,663P9-4,4,Nuttorridge,Reserve 2,M M McNiff,22,8,10.7,N,N,N,N,88,92,3m 1f 88y,17,-, Good,111,0,-9,11,14,Y,Jump,Turf,103
Sligo,20230709,16:55,Sligo Park Hotel Handicap Hurdle (80-109),-,800P2-0,0,Spring Street,D E Mullins,J P Flavin,37,5,10.9,N,N,N,N,90,118,3m 1f 88y,17,-, Good,107,0,-12,12,11,Y,Jump,Turf,74
Sligo,20230709,16:55,Sligo Park Hotel Handicap Hurdle (80-109),-,7745-74,4,North Of Nashville,S F O'Keeffe,C Bowe,29,6,11.2,N,N,N,N,97,111,3m 1f 88y,17,-, Good,111,0,-10,13,13,Y,Jump,Turf,76
Sligo,20230709,16:55,Sligo Park Hotel Handicap Hurdle (80-109),-,24155-F,F,Menindee,D J O'Keeffe,D M Christie,29,7,11.2,N,N,N,N,97,126,3m 1f 88y,17,-, Good,109,0,-2,14,10,Y,Jump,Turf,79
Sligo,20230709,16:55,Sligo Park Hotel Handicap Hurdle (80-109),-,84261-4,4,Early Arrival,J J Slevin,J Barcoe,59,8,11.3,N,N,N,N,98,203,3m 1f 88y,17,-, Good,116,0,5,15,5,Y,Jump,Turf,81
Sligo,20230709,16:55,Sligo Park Hotel Handicap Hurdle (80-109),-,60PP4-8,8,Portland Row,Reserve 3,J Nash,40,5,10.2,N,N,N,N,83,86,3m 1f 88y,17,-, Good,117,0,-11,16,15,Y,Jump,Turf,-
Sligo,20230709,16:55,Sligo Park Hotel Handicap Hurdle (80-109),-,8952-20,0,Townhill Penny,J W Kennedy,G Elliott,39,7,11.2,Y,N,N,N,97,149,3m 1f 88y,17,-, Good,115,0,-2,17,8,Y,Jump,Turf,41
Chelmsford,20230709,17:05,British EBF Fillies' Handicap (Class 4),1,5-10,0,Loch Carron,Jason Hart,Charlie Johnston,15,3,9.3,N,N,Y,N,78,221,6f,10,4, Standard,86,-3,3,1,5,Y,Flat,Polytrack,-
Chelmsford,20230709,17:05,British EBF Fillies' Handicap (Class 4),10,211-105,5,She's Centimental,K T O'Neill,Alice Haynes,33,3,9.6,N,N,Y,N,81,136,6f,10,4, Standard,89,0,-5,2,10,Y,Flat,Polytrack,54
Chelmsford,20230709,17:05,British EBF Fillies' Handicap (Class 4),4,052234,4,Cuban Breeze,P Cosgrave,P D Evans,8,5,10.0,Y,Y,Y,N,83,224,6f,10,4, Standard,90,-1,8,3,4,Y,Flat,Polytrack,50
Chelmsford,20230709,17:05,British EBF Fillies' Handicap (Class 4),3,919-3,3,Premiere Beauty,S M Levey,S C Williams,43,3,9.1,N,N,Y,N,76,155,6f,10,4, Standard,89,1,-9,4,7,Y,Flat,Polytrack,-
Chelmsford,20230709,17:05,British EBF Fillies' Handicap (Class 4),2,3-122,2,Holy Fire,Callum Shepherd,C Fellowes,25,3,9.5,N,N,Y,N,80,300,6f,10,4, Standard,90,0,2,5,1,Y,Flat,Polytrack,48
Chelmsford,20230709,17:05,British EBF Fillies' Handicap (Class 4),8,2143,3,Ormolulu,Saffie Osborne,J A Osborne,25,3,9.4,N,N,Y,N,79,215,6f,10,4, Standard,90,0,0,6,6,Y,Flat,Polytrack,69
Chelmsford,20230709,17:05,British EBF Fillies' Handicap (Class 4),5,5114-96,6,Mile End,Hector Crouch,M L W Bell,25,3,9.6,N,N,Y,N,81,137,6f,10,4, Standard,87,0,-1,7,9,Y,Flat,Polytrack,40
Chelmsford,20230709,17:05,British EBF Fillies' Handicap (Class 4),7,331544,4,Shades Of Summer,N Callan,J Tate,17,4,9.7,N,Y,N,Y,76,241,6f,10,4, Standard,91,1,-4,8,3,Y,Flat,Polytrack,65
Chelmsford,20230709,17:05,British EBF Fillies' Handicap (Class 4),9,311-4,4,Azure Angel,J Mitchell,R Varian,55,3,9.11,N,N,Y,N,86,250,6f,10,4, Standard,92,-1,4,9,2,Y,Flat,Polytrack,96
Chelmsford,20230709,17:05,British EBF Fillies' Handicap (Class 4),6,140-355,5,California Gem,W Buick,G Boughey,19,3,9.11,N,N,N,N,86,139,6f,10,4, Standard,90,-1,1,10,8,Y,Flat,Polytrack,-
Market,20230709,17:15,Mal & Mo Fox Memorial Vase Handicap Chase (Class 5),-,4P/24-4U,U,The Cathal Don,Harry Bannister,S Pearce,13,7,11.9,Y,N,N,N,100,160,2m 3f 34y,9,5, Good,118,0,-3,1,7,Y,Jump,Turf,93
Market,20230709,17:15,Mal & Mo Fox Memorial Vase Handicap Chase (Class 5),-,217P-44,4,Cornicello,G Sheehan,Jamie Snowden,23,5,11.12,N,N,N,N,103,165,2m 3f 34y,9,5, Good,0,-1,3,2,6,Y,Jump,Turf,-
Market,20230709,17:15,Mal & Mo Fox Memorial Vase Handicap Chase (Class 5),-,35-5651,1,Restandbethankful,B S Hughes,R Menzies,16,7,11.13,N,Y,N,Y,104,299,2m 3f 34y,9,5, Good,116,0,1,3,2,Y,Jump,Turf,98
Market,20230709,17:15,Mal & Mo Fox Memorial Vase Handicap Chase (Class 5),-,33P-512,2,Marajman,Lewis Dobb,C & A & Pogson,16,9,11.3,Y,N,Y,Y,94,314,2m 3f 34y,9,5, Good,119,0,-5,4,1,Y,Jump,Turf,98
Market,20230709,17:15,Mal & Mo Fox Memorial Vase Handicap Chase (Class 5),-,3126-46,6,Onenightintown,C O'Farrell,Micky Hammond,22,9,10.2,N,Y,N,N,77,143,2m 3f 34y,9,5, Good,110,0,-4,5,8,Y,Jump,Turf,79
Market,20230709,17:15,Mal & Mo Fox Memorial Vase Handicap Chase (Class 5),-,1/4P-P2U,U,Cilluirid,Jamie Hamilton,T D Easterby,14,9,11.13,N,N,Y,N,104,285,2m 3f 34y,9,5, Good,116,-1,1,6,3,Y,Jump,Turf,88
Market,20230709,17:15,Mal & Mo Fox Memorial Vase Handicap Chase (Class 5),-,322-532,2,Croagh Patrick,Jonathan England,S England,14,8,11.4,Y,N,N,N,95,197,2m 3f 34y,9,5, Good,114,-1,1,7,5,Y,Jump,Turf,90
Market,20230709,17:15,Mal & Mo Fox Memorial Vase Handicap Chase (Class 5),-,1538P-2,2,Finalshot,Alex Edwards,M Rowley,30,10,11.3,N,N,N,N,94,111,2m 3f 34y,9,5, Good,110,0,2,8,9,Y,Jump,Turf,97
Market,20230709,17:15,Mal & Mo Fox Memorial Vase Handicap Chase (Class 5),-,157-46P,P,Somekindofstar,Jack Quinlan,C E Longsdon,18,10,12.0,N,N,N,Y,105,203,2m 3f 34y,9,5, Good,109,-1,7,9,4,Y,Jump,Turf,76
Ayr,20230709,17:25,Afternoon Tea At Western House Hotel Handicap (Class 6),7,5-33355,5,Streetscape,J Fanning,T D Barron,15,4,9.12,N,N,N,N,55,145,1m 2f,14,6, Good To Soft,64,0,4,1,5,Y,Flat,Turf,58
Ayr,20230709,17:25,Afternoon Tea At Western House Hotel Handicap (Class 6),5,65-6253,3,Braes Of Doune,P Mulrennan,J S Goldie,9,5,9.3,N,N,N,N,45,168,1m 2f,14,6, Good To Soft,61,0,-3,2,3,Y,Flat,Turf,48
Ayr,20230709,17:25,Afternoon Tea At Western House Hotel Handicap (Class 6),13,08-0508,8,Depart A Minuit,T Eaves,Mrs Stella Barclay,15,4,9.4,N,N,N,N,47,73,1m 2f,14,6, Good To Soft,33,0,-5,3,11,Y,Flat,Turf,20
Ayr,20230709,17:25,Afternoon Tea At Western House Hotel Handicap (Class 6),12,4-80651,1,Rory The Cat,O J Orr,Miss Lucinda V Russell,12,3,9.3,N,N,Y,N,56,263,1m 2f,14,6, Good To Soft,65,0,-3,4,2,Y,Flat,Turf,55
Ayr,20230709,17:25,Afternoon Tea At Western House Hotel Handicap (Class 6),14,794-97,7,Two Rivers,A Mullen,I Jardine,26,3,9.2,N,N,N,N,55,56,1m 2f,14,6, Good To Soft,63,0,1,5,12,Y,Flat,Turf,40
Ayr,20230709,17:25,Afternoon Tea At Western House Hotel Handicap (Class 6),1,10-6647,7,Jaminoz,Sam James,J S Goldie,18,4,9.3,N,Y,N,N,46,137,1m 2f,14,6, Good To Soft,63,0,-10,6,6,Y,Flat,Turf,44
Ayr,20230709,17:25,Afternoon Tea At Western House Hotel Handicap (Class 6),9,07-1858,8,Royal Countess,P Mathers,R M Smith,18,7,9.5,N,N,N,Y,48,167,1m 2f,14,6, Good To Soft,62,0,-5,7,4,Y,Flat,Turf,28
Ayr,20230709,17:25,Afternoon Tea At Western House Hotel Handicap (Class 6),8,375553,3,Stelios,L Morris,Phillip Makin,12,3,8.9,N,N,N,N,48,125,1m 2f,14,6, Good To Soft,59,0,-3,8,7,Y,Flat,Turf,27
Ayr,20230709,17:25,Afternoon Tea At Western House Hotel Handicap (Class 6),11,5-04547,7,Zakram,D Tudhope,D O'Meara,12,3,9.0,N,N,N,N,53,123,1m 2f,14,6, Good To Soft,61,0,-9,9,8,Y,Flat,Turf,37
Ayr,20230709,17:25,Afternoon Tea At Western House Hotel Handicap (Class 6),4,877513,3,Spirit Of Ash,Callum Rodriguez,T Davidson,4,4,9.6,N,N,Y,N,49,269,1m 2f,14,6, Good To Soft,63,0,3,10,1,Y,Flat,Turf,31
Ayr,20230709,17:25,Afternoon Tea At Western House Hotel Handicap (Class 6),6,86598,8,Killing Eve,William Pyle,K Scott,38,3,8.7,N,N,N,N,46,7,1m 2f,14,6, Good To Soft,46,0,-5,11,14,Y,Flat,Turf,34
Ayr,20230709,17:25,Afternoon Tea At Western House Hotel Handicap (Class 6),2,060008/,/,Copia Verborum,J P Sullivan,J J Lambe,21,7,10.0,N,N,N,N,57,37,1m 2f,14,6, Good To Soft,64,0,-13,12,13,Y,Flat,Turf,-
Ayr,20230709,17:25,Afternoon Tea At Western House Hotel Handicap (Class 6),3,8-08075,5,Gerrots,Mark Winn,J S Wainwright,24,5,9.4,N,N,N,N,47,96,1m 2f,14,6, Good To Soft,59,0,6,13,10,Y,Flat,Turf,43
Ayr,20230709,17:25,Afternoon Tea At Western House Hotel Handicap (Class 6),10,66-0796,6,Zandora,Amie Waugh,W G Harrison,10,4,9.4,N,N,N,N,47,106,1m 2f,14,6, Good To Soft,43,-1,-7,14,9,Y,Flat,Turf,29
Sligo,20230709,17:30,Durkin Bros. Electrical Flat Race,-,93,3,Mont Beuvray,Mr A Harvey,J P Ryan,32,5,12.0,N,N,N,N,-,79,2m 2f,13,-, Good,100,0,8,1,6,N,Flat,Turf,-
Sligo,20230709,17:30,Durkin Bros. Electrical Flat Race,-,6-22,2,Arabian Diamond,Mr H C Swan,G Elliott,35,5,12.0,N,N,N,N,-,214,2m 2f,13,-, Good,110,0,3,2,1,N,Flat,Turf,107
Sligo,20230709,17:30,Durkin Bros. Electrical Flat Race,-,R8/3344-,-,Lake Winnipesaukee,Mr J Dunne,G P Cromwell,262,6,12.0,N,N,N,N,-,121,2m 2f,13,-, Good,102,0,5,3,2,N,Flat,Turf,62
Sligo,20230709,17:30,Durkin Bros. Electrical Flat Race,-,P-54,4,Willwekeephim,Mr L J Murphy,P Flood,35,5,12.0,N,N,N,N,-,110,2m 2f,13,-, Good,99,0,5,4,3,N,Flat,Turf,68
Sligo,20230709,17:30,Durkin Bros. Electrical Flat Race,-,F/P-6,6,Midleton Rare,Mr J P Sutton,D A McLoughlin,40,5,12.0,N,N,N,N,-,51,2m 2f,13,-, Good,104,0,5,5,8,N,Flat,Turf,-
Sligo,20230709,17:30,Durkin Bros. Electrical Flat Race,-,0-,-,Light Lady,Mr S Cleary,J Barcoe,295,6,11.7,N,N,N,N,-,21,2m 2f,13,-, Good,0,0,7,6,13,N,Flat,Turf,-
Sligo,20230709,17:30,Durkin Bros. Electrical Flat Race,-,6,6,Lummi Island,Mr R Sugrue,D Deacon,39,5,12.0,N,N,N,N,-,51,2m 2f,13,-, Good,90,0,5,7,7,N,Flat,Turf,-
Sligo,20230709,17:30,Durkin Bros. Electrical Flat Race,-,856-,-,Gambling Glory,Mr Alan O'Sullivan,I Madden,86,7,12.0,N,N,N,N,-,79,2m 2f,13,-, Good,67,0,5,8,5,N,Flat,Turf,-
Sligo,20230709,17:30,Durkin Bros. Electrical Flat Race,-,-,-,Givago,Mr P W Mullins,W P Mullins,-,5,12.0,N,N,N,N,-,24,2m 2f,13,-, Good,0,0,0,9,9,N,Flat,Turf,-
Sligo,20230709,17:30,Durkin Bros. Electrical Flat Race,-,P/44-6,6,Hardy Buck,Mr Paddy Hanlon,J J Hanlon,63,5,12.0,N,N,N,N,-,101,2m 2f,13,-, Good,0,0,1,10,4,N,Flat,Turf,-
Sligo,20230709,17:30,Durkin Bros. Electrical Flat Race,-,UP-,-,Tobins Cross,Mr A P Ryan,A Slattery,168,5,12.0,N,N,N,N,-,24,2m 2f,13,-, Good,0,0,1,11,10,N,Flat,Turf,-
Sligo,20230709,17:30,Durkin Bros. Electrical Flat Race,-,P/,/,Bama Breeze,Mr M E McCrory,N C Kelly,449,5,11.7,N,N,N,N,-,24,2m 2f,13,-, Good,0,0,1,12,11,N,Flat,Turf,-
Sligo,20230709,17:30,Durkin Bros. Electrical Flat Race,-,-,-,Laidback Joanie,Mr Pat Taaffe,Louise G Lyons,-,5,11.7,N,N,N,N,-,24,2m 2f,13,-, Good,0,0,0,13,12,N,Flat,Turf,-
Chelmsford,20230709,17:40,Racing Welfare Handicap (Class 3),5,723461,1,The Defiant,K Shoemark,D Steele,17,7,8.12,N,N,Y,Y,74,226,5f,9,3, Standard,98,2,-8,1,1,Y,Flat,Polytrack,89
Chelmsford,20230709,17:40,Racing Welfare Handicap (Class 3),4,4-43800,0,Lord Riddiford,Non Runner,J J Quinn,36,8,9.8,N,N,Y,Y,84,82,5f,9,3, Standard,100,-1,14,2,9,Y,Flat,Polytrack,-
Chelmsford,20230709,17:40,Racing Welfare Handicap (Class 3),9,114-407,7,Twilight Madness,R Coakley,S Hodgson,34,5,9.7,N,N,Y,N,83,104,5f,9,3, Standard,100,1,-2,3,7,Y,Flat,Polytrack,70
Chelmsford,20230709,17:40,Racing Welfare Handicap (Class 3),1,10-1344,4,The Thames Boatman,George Rooke,R Hughes,25,3,8.12,Y,N,Y,N,79,178,5f,9,3, Standard,101,1,-7,4,4,Y,Flat,Polytrack,91
Chelmsford,20230709,17:40,Racing Welfare Handicap (Class 3),7,0613-88,8,Bear Profit,S M Levey,S C Williams,20,4,9.6,N,Y,N,Y,82,141,5f,9,3, Standard,99,0,3,5,5,Y,Flat,Polytrack,-
Chelmsford,20230709,17:40,Racing Welfare Handicap (Class 3),3,562166,6,Angle Land,Hayley Turner,R M H Cowell,15,4,9.7,Y,N,Y,Y,83,195,5f,9,3, Standard,98,1,-3,6,3,Y,Flat,Polytrack,-
Chelmsford,20230709,17:40,Racing Welfare Handicap (Class 3),6,321853,3,Democracy Dilemma,Hollie Doyle,P D Evans,27,3,9.5,N,N,Y,N,86,201,5f,9,3, Standard,100,-1,6,7,2,Y,Flat,Polytrack,78
Chelmsford,20230709,17:40,Racing Welfare Handicap (Class 3),8,3718-00,0,Rogue Spirit,A J Farragher,Tom Clover,16,3,9.9,N,N,Y,N,90,95,5f,9,3, Standard,99,-1,9,8,8,Y,Flat,Polytrack,-
Chelmsford,20230709,17:40,Racing Welfare Handicap (Class 3),2,73-9167,7,May Sonic,W Buick,C Hills,114,7,10.2,N,Y,Y,N,92,111,5f,9,3, Standard,96,0,0,9,6,Y,Flat,Polytrack,58
Market,20230709,17:50,Market Rasen Festival Hall Handicap Chase (Class 4),-,56/632-U,U,The Wrekin,Richard Patrick,H D Daly,50,7,11.8,Y,N,N,N,113,179,3m 3f 123y,5,4, Good,123,0,8,1,3,Y,Jump,Turf,111
Market,20230709,17:50,Market Rasen Festival Hall Handicap Chase (Class 4),-,6/331-51,1,The Boola Boss,H Cobden,Miss R Curtis,24,7,11.2,N,N,N,N,107,193,3m 3f 123y,5,4, Good,124,0,-4,2,2,Y,Jump,Turf,100
Market,20230709,17:50,Market Rasen Festival Hall Handicap Chase (Class 4),-,1/51P-23,3,Herewegohoney,Daire Davis,F O'Brien,18,7,11.1,N,N,N,N,115,232,3m 3f 123y,5,4, Good,131,0,0,3,1,Y,Jump,Turf,102
Market,20230709,17:50,Market Rasen Festival Hall Handicap Chase (Class 4),-,1P9-P43,3,Fairlawn Flyer,S Bowen,P Bowen,6,7,11.5,N,N,N,N,110,141,3m 3f 123y,5,4, Good,126,0,3,4,4,Y,Jump,Turf,67
Market,20230709,17:50,Market Rasen Festival Hall Handicap Chase (Class 4),-,5P420-7,7,Step Back,Miss L Bradstock,M Bradstock,39,13,11.5,N,N,N,N,110,16,3m 3f 123y,5,4, Good,128,1,-2,5,5,Y,Jump,Turf,104
